comparison,chain_of_logic_mean,chain_of_logic_std,comparison_mean,comparison_std,difference,t_statistic,p_value,mann_whitney_u,mann_whitney_p,cohens_d,significant_ttest,significant_mannwhitney
chain_of_logic vs chain_of_thought,0.8500000000000001,0.3484660262185848,0.6447916666666668,0.341601556296058,0.20520833333333333,2.7851214636043995,0.006551247637653913,1509.0,1.6159487293276143e-05,0.5884643137252429,True,True
chain_of_logic vs few-shot,0.8500000000000001,0.3484660262185848,0.19692382854645174,0.2605868538981792,0.6530761714535483,9.826812753934316,1.1483630258039146e-15,1638.0,1.3793289591195843e-09,2.108343673276244,True,True
chain_of_logic vs zero-shot,0.8500000000000001,0.3484660262185848,0.29678140416188786,0.27317862637626616,0.5532185958381122,8.335858796619265,9.522429766112886e-13,1735.0,1.6357267624056506e-09,1.761271632194726,True,True
